 {
	"welcomeFile": "index.html",
	"authenticationMethod": "route",
	"routes": [{
		"source": "(.*)(.xsjs)",
		"destination": "xsjs_api",
		"csrfProtection": false,
		"authenticationType": "xsuaa"
	}, {
		"source": "(.*)(.xsodata)",
		"destination": "xsjs_api",
		"authenticationType": "xsuaa"
	},
	
	{
	    "source": "/node(.*)",
		"destination": "nodejs_api",
		"csrfProtection": false,
		"authenticationType": "xsuaa"
		
	},
	
	{
		"source": "/(.*)",
		"localDir": "resources",
		"authenticationType": "xsuaa",
		"replace": {
			"pathSuffixes": [
				"index.html",
				"odataTest.html"
			],
			"services": {
				"sapui5_sb": {
					"tag": "ui5"
				}
			}
		}
	}
	]
}